Today at 2:43 PM,justatestacc,testin and things
Today at 2:43 PM,justatestacc,testin and things
Today at 2:43 PM,justatestacc,lets see here
Today at 2:43 PM,justatestacc,send lots of msgs
Today at 2:43 PM,justatestacc,img to confirm it works
Today at 2:43 PM,justatestacc,uhhh yea
Today at 2:43 PM,justatestacc,keep msging
Today at 2:43 PM,justatestacc,lets see
Today at 2:43 PM,justatestacc,.
Today at 2:43 PM,justatestacc,.
Today at 2:43 PM,justatestacc,.
Today at 2:43 PM,justatestacc,.
Today at 2:43 PM,justatestacc,.
Today at 2:43 PM,justatestacc,.
Today at 2:43 PM,justatestacc,.
Today at 2:43 PM,justatestacc,.
Today at 2:43 PM,justatestacc,.
Today at 2:43 PM,justatestacc,ight so
Today at 2:43 PM,justatestacc,.
Today at 2:43 PM,justatestacc,.
Today at 2:43 PM,justatestacc,","
Today at 2:43 PM,justatestacc,er
Today at 2:43 PM,justatestacc,ter
Today at 2:43 PM,justatestacc,tyer
Today at 2:43 PM,justatestacc,tyer
Today at 2:43 PM,justatestacc,tyer
Today at 2:43 PM,justatestacc,tywer
Today at 2:43 PM,justatestacc,twe
Today at 2:43 PM,justatestacc,sdf
Today at 2:43 PM,justatestacc,gcvs
Today at 2:43 PM,justatestacc,bs
Today at 2:43 PM,justatestacc,dfg
Today at 2:43 PM,justatestacc,sf
Today at 2:43 PM,justatestacc,dg
